West Mill Building,4001 South 700 East
Rose Gardens,1060 Dalton Ave S
President's Way Park,1330 2100 S
Road Mill City Office,1488 4800 S
Road Mill City Division of Health Services,177 W Price Ave
Road Mill City Public Works,195 W Oakland Ave
Road Mill City Streets and Sanitation,2010 W 500 S
West Lake,2300 Parkway Blvd
Road Mill City Ottinger Hall,233 Canyon Rd
President's Library,2530 S 500 E
Lincoln Ville City Hall,2600 Taylorsville Blvd
Road Mill City Police,2835 Main St
Council Hall,300 State St
Redwood Park,3060 Lester St
Road Mill County Mental Health,3148 S 1100 W
Road Mill County/United Police Dept,3365 S 900 W
West Valley Prosecutor,3575 W Valley Central Station bus Loop
Housing Auth. of Salt Lake County,3595 Main St
CF DMV Administrative Office,380 W 2880 S
Fourth District Court,410 S State St
Cottonwood Regional Softball Complex,4300 S 1300 E
Holiday City Office,4580 S 2300 E
Jackson City Museum,5025 State St
Valley Regional Softball Complex,5100 South 2700 West
City Center of Rock Springs,5383 S 900 East #104
West Road Park,600 E 900 South
Wheeler Historic Farm ,6351 South 900 East
